 
{
  "jobs": [
    {
      "id": "1",
      "title": "Senior React Developer",
      "type": "Full-Time",
      "description": "We are seeking a talented Front-End Developer to join our team in Boston, MA. The ideal candidate will have strong skills in HTML, CSS, and JavaScript, with experience working with modern JavaScript frameworks such as React or Angular.",
      "location": "Boston, MA",
      "salary": "$70K - $80K",
      "company": {
        "name": "NewTek Solutions",
        "description": "NewTek Solutions is a leading technology company specializing in web development and digital solutions. We pride ourselves on delivering high-quality products and services to our clients while fostering a collaborative and innovative work environment.",
        "contactEmail": "contact@teksolutions.com",
        "contactPhone": "555-555-5555"
      }
    },
    {
      "id": "2",
      "title": "Front-End Engineer (React & Redux)",
      "type": "Full-Time",
      "location": "Miami, FL",
      "description": "Join our team as a Front-End Developer in sunny Miami, FL. We are looking for a motivated individual with a passion for crafting beautiful and responsive web applications. Experience with UI/UX design principles and a strong attention to detail are highly desirable.",
      "salary": "$70K - $80K",
      "company": {
        "name": "Veneer Solutions",
        "description": "Veneer Solutions is a creative agency specializing in digital design and development. Our team is dedicated to pushing the boundaries of creativity and innovation to deliver exceptional results for our clients.",
        "contactEmail": "contact@loremipsum.com",
        "contactPhone": "555-555-5555"
      }
    },
    {
      "id": "3",
      "title": "React.js Dev",
      "type": "Full-Time",
      "location": "Brooklyn, NY",
      "description": "Are you passionate about front-end development? Join our team in vibrant Brooklyn, NY, and work on exciting projects that make a difference. We offer competitive compensation and a collaborative work environment where your ideas are valued.",
      "salary": "$70K - $80K",
      "company": {
        "name": "Dolor Cloud",
        "description": "Dolor Cloud is a leading technology company specializing in digital solutions for businesses of all sizes. With a focus on innovation and customer satisfaction, we are committed to delivering cutting-edge products and services.",
        "contactEmail": "contact@dolorsitamet.com",
        "contactPhone": "555-555-5555"
      }
    },
    {
      "id": "4",
      "title": "React Front-End Developer",
      "type": "Part-Time",
      "description": "Join our team as a Part-Time Front-End Developer in beautiful Pheonix, AZ. We are looking for a self-motivated individual with a passion for creating engaging user experiences. This position offers flexible hours and the opportunity to work remotely.",
      "location": "Pheonix, AZ",
      "salary": "$60K - $70K",
      "company": {
        "name": "Alpha Elite",
        "description": "Alpha Elite is a dynamic startup specializing in digital marketing and web development. We are committed to fostering a diverse and inclusive workplace where creativity and innovation thrive.",
        "contactEmail": "contact@adipisicingelit.com",
        "contactPhone": "555-555-5555"
      }
    },
    {
      "id": "5",
      "title": "Full Stack React Developer",
      "type": "Full-Time",
      "description": "Exciting opportunity for a Full-Time Front-End Developer in bustling Atlanta, GA. We are seeking a talented individual with a passion for building elegant and scalable web applications. Join our team and make an impact!",
      "location": "Atlanta, GA",
      "salary": "$90K - $100K",
      "company": {
        "name": "Browning Technologies",
        "description": "Browning Technologies is a rapidly growing technology company specializing in e-commerce solutions. We offer a dynamic and collaborative work environment where employees are encouraged to think creatively and innovate.",
        "contactEmail": "contact@consecteturadipisicing.com",
        "contactPhone": "555-555-5555"
      }
    },
    {
      "id": "6",
      "title": "React Native Developer",
      "type": "Full-Time",
      "description": "Join our team as a Front-End Developer in beautiful Portland, OR. We are looking for a skilled and enthusiastic individual to help us create innovative web solutions. Competitive salary and great benefits package available.",
      "location": "Portland, OR",
      "salary": "$100K - $110K",
      "company": {
        "name": "Port Solutions INC",
        "description": "Port Solutions is a leading technology company specializing in software development and digital marketing. We are committed to providing our clients with cutting-edge solutions and our employees with a supportive and rewarding work environment.",
        "contactEmail": "contact@ipsumlorem.com",
        "contactPhone": "555-555-5555"
      }
    },
    {
      "id": "7",
      "title": "UI/UX React Engineer",
      "type": "Full-Time",
      "description": "Design and build intuitive user interfaces with React. Work closely with designers and product managers to deliver seamless experiences.",
      "location": "Seattle, WA",
      "salary": "$85K - $95K",
      "company": {
        "name": "BlueWave Digital",
        "description": "BlueWave Digital focuses on creating engaging web and mobile solutions for startups and enterprises worldwide.",
        "contactEmail": "careers@bluewave.com",
        "contactPhone": "555-555-1111"
      }
    },
    {
      "id": "8",
      "title": "React Front-End Engineer",
      "type": "Contract",
      "description": "6-month contract to develop responsive web applications with React, TypeScript, and Material-UI.",
      "location": "Austin, TX",
      "salary": "$60/hr - $70/hr",
      "company": {
        "name": "TechBridge LLC",
        "description": "TechBridge provides cutting-edge digital solutions to mid-size businesses and enterprises.",
        "contactEmail": "jobs@techbridge.com",
        "contactPhone": "555-555-2222"
      }
    },
    {
      "id": "9",
      "title": "Junior React Developer",
      "type": "Full-Time",
      "description": "Great entry-level opportunity to work with a senior team on building modern React applications.",
      "location": "Denver, CO",
      "salary": "$55K - $65K",
      "company": {
        "name": "NextGen Labs",
        "description": "NextGen Labs specializes in innovative web solutions for education and healthcare industries.",
        "contactEmail": "hr@nextgenlabs.io",
        "contactPhone": "555-555-3333"
      }
    },
    {
      "id": "10",
      "title": "Senior Front-End Engineer",
      "type": "Full-Time",
      "description": "Lead front-end projects using React and Redux, mentor junior developers, and collaborate with cross-functional teams.",
      "location": "San Francisco, CA",
      "salary": "$120K - $140K",
      "company": {
        "name": "BrightSpark Technologies",
        "description": "BrightSpark delivers high-performance web platforms for fintech and SaaS startups.",
        "contactEmail": "careers@brightspark.io",
        "contactPhone": "555-555-4444"
      }
    },
    {
      "id": "11",
      "title": "React + Node.js Full Stack Developer",
      "type": "Full-Time",
      "description": "Build and maintain scalable full-stack applications with React on the front end and Node.js on the back end.",
      "location": "Chicago, IL",
      "salary": "$95K - $110K",
      "company": {
        "name": "UrbanTech Solutions",
        "description": "UrbanTech specializes in urban mobility and smart city solutions using cutting-edge technologies.",
        "contactEmail": "joinus@urbantech.com",
        "contactPhone": "555-555-5556"
      }
    },
    {
      "id": "12",
      "title": "React Native Mobile Engineer",
      "type": "Full-Time",
      "description": "Develop cross-platform mobile apps using React Native for iOS and Android platforms.",
      "location": "Los Angeles, CA",
      "salary": "$100K - $120K",
      "company": {
        "name": "AppCore Studio",
        "description": "AppCore Studio focuses on high-quality mobile application development for global clients.",
        "contactEmail": "work@appcorestudio.com",
        "contactPhone": "555-555-5557"
      }
    },
    {
      "id": "13",
      "title": "Front-End React Contractor",
      "type": "Contract",
      "description": "Short-term contract role to create dashboards and analytics pages with React and Chart.js.",
      "location": "Remote",
      "salary": "$65/hr - $75/hr",
      "company": {
        "name": "DataViz Pro",
        "description": "DataViz Pro provides advanced data visualization and analytics tools for enterprise customers.",
        "contactEmail": "contracts@datavizpro.com",
        "contactPhone": "555-555-5558"
      }
    },
    {
      "id": "14",
      "title": "React Performance Engineer",
      "type": "Full-Time",
      "description": "Optimize React applications for speed and scalability, implementing best practices for performance.",
      "location": "Newark, NJ",
      "salary": "$105K - $115K",
      "company": {
        "name": "SwiftTech Systems",
        "description": "SwiftTech is dedicated to building fast, scalable, and secure web platforms for finance and healthcare.",
        "contactEmail": "hiring@swifttech.com",
        "contactPhone": "555-555-5559"
      }
    },
    {
      "id": "15",
      "title": "React UI Engineer",
      "type": "Full-Time",
      "description": "Collaborate with designers to translate Figma mockups into responsive React components.",
      "location": "Boston, MA",
      "salary": "$80K - $90K",
      "company": {
        "name": "PixelWorks",
        "description": "PixelWorks creates beautiful, high-quality UI experiences for web and mobile applications.",
        "contactEmail": "jobs@pixelworks.com",
        "contactPhone": "555-555-5560"
      }
    },
    {
      "id": "16",
      "title": "React Developer Intern",
      "type": "Internship",
      "description": "Great opportunity for a motivated student or recent graduate to gain hands-on experience with React development.",
      "location": "Remote",
      "salary": "$20/hr - $25/hr",
      "company": {
        "name": "InnovateX",
        "description": "InnovateX helps startups rapidly build MVPs and scale their web platforms.",
        "contactEmail": "internships@innovatex.com",
        "contactPhone": "555-555-5561"
      }
    }
  ]
}